colonia,Calle,# de casa,CÃ³digo postal,Unnamed: 4,Ubicacion,Latitude,Longitude
JARDINES DEL COUNTRY,ENRIQUE DIAZ DE,2336,44210,Guadalajara,JARDINES DEL COUNTRY ENRIQUE DIAZ DE 2336 44210 Guadalajara,20.7070511,-103.3601728
"FRACC, LOS MOLINOS",PLATA,70,45200,zapopan,"FRACC, LOS MOLINOS PLATA 70 45200 zapopan",20.8193378,-103.4428879
RESIDENCIAL LA CRUZ,ISLA ABACO,3086,44950,Guadalajara,RESIDENCIAL LA CRUZ ISLA ABACO 3086 44950 Guadalajara,20.6372977,-103.3783132
HOGARES GUADALAJARA,CIRCUNVALACION,258,44340,Guadalajara,HOGARES GUADALAJARA CIRCUNVALACION 258 44340 Guadalajara,20.689097,-103.3284089
GUADALUPANA,CELEDONIO PADIL,2162,44220,Guadalajara,GUADALUPANA CELEDONIO PADIL 2162 44220 Guadalajara,20.7099659,-103.3553481
INDEPENDENCIA,ROGELIO BACON,2280,44290,Guadalajara,INDEPENDENCIA ROGELIO BACON 2280 44290 Guadalajara,20.7113239,-103.3320885
EJIDAL LOMA BONITA,PEDRO MORENO,3308,45085,zapopan,EJIDAL LOMA BONITA PEDRO MORENO 3308 45085 zapopan,20.6306388,-103.4035
CIUDAD GRANJA,CALZ DE LOS LA,164,45010,zapopan,CIUDAD GRANJA CALZ DE LOS LA 164 45010 zapopan,20.6782083,-103.4482868
BOSQUES D L VICTORIA,PENINSULA,2713,44540,Guadalajara,BOSQUES D L VICTORIA PENINSULA 2713 44540 Guadalajara,20.6463741,-103.3890559
VICENTE GUERRERO,C CEDROS,15,45134,zapopan,VICENTE GUERRERO C CEDROS 15 45134 zapopan,20.76045,-103.4237244
BARRIO ANALCO,ABASOLO,147,44450,Guadalajara,BARRIO ANALCO ABASOLO 147 44450 Guadalajara,20.6696675,-103.3354279
LA MARTINICA,PASEO DE LOS AL,79,45185,zapopan,LA MARTINICA PASEO DE LOS AL 79 45185 zapopan,20.7452389,-103.3666709
BLANCO Y CUELLAR,EMILIO RABAZA,2132,44730,Guadalajara,BLANCO Y CUELLAR EMILIO RABAZA 2132 44730 Guadalajara,20.6795279,-103.3046447
OBLATOS PONIENTE,JUAN PABLO II,3165,44700,Guadalajara,OBLATOS PONIENTE JUAN PABLO II 3165 44700 Guadalajara,20.6958496,-103.2980962
PARAISOS DEL COLLY,GALEANA,1068,45069,zapopan,PARAISOS DEL COLLY GALEANA 1068 45069 zapopan,20.6508689,-103.4549679
SAN RAFAEL,CARLOS GONZALEZ,280,44810,Guadalajara,SAN RAFAEL CARLOS GONZALEZ 280 44810 Guadalajara,20.6570889,-103.2966814
SAN CARLOS,LOS ANGELES,171,44460,Guadalajara,SAN CARLOS LOS ANGELES 171 44460 Guadalajara,20.6751707,-103.3473385
LOMAS DE RIO VERDE,DEMOSTENES,3550,44720,Guadalajara,LOMAS DE RIO VERDE DEMOSTENES 3550 44720 Guadalajara,20.6993366,-103.2814995
LINDAVISTA,ALLENDE,216,45169,zapopan,LINDAVISTA ALLENDE 216 45169 zapopan,20.7225403,-103.3986393
VILLA FONTANA DIAMANTE,AV JADE,86,45200,zapopan,VILLA FONTANA DIAMANTE AV JADE 86 45200 zapopan,20.779509,-103.4714865
OBLATOS PONIENTE,HDA LAS CRUCES,2158,44700,Guadalajara,OBLATOS PONIENTE HDA LAS CRUCES 2158 44700 Guadalajara,20.693503,-103.2990589
FRACC PALERMO,MARINA,204,45200,zapopan,FRACC PALERMO MARINA 204 45200 zapopan,20.8167636,-103.4619374
COLLY SITIO,ROMANA,6570,45036,zapopan,COLLY SITIO ROMANA 6570 45036 zapopan,20.6536811,-103.4399784
PRADOS TEPEYAC,PRADO DE LAS RO,308,45050,zapopan,PRADOS TEPEYAC PRADO DE LAS RO 308 45050 zapopan,20.6569105,-103.4128895
EL BATAN,ANDADOR AGUA AZ,44,45190,zapopan,EL BATAN ANDADOR AGUA AZ 44 45190 zapopan,20.7221877,-103.3438725
SAN VICENTE,PUERTO SOTO LA,2280,44330,Guadalajara,SAN VICENTE PUERTO SOTO LA 2280 44330 Guadalajara,20.6751707,-103.3473385
ARENALES TAPATIOS,CROMITA,69,45066,zapopan,ARENALES TAPATIOS CROMITA 69 45066 zapopan,20.6333153,-103.4591793
2024-05-05 00:00:00,RAMON MARQUEZ,362,44970,Guadalajara,45417 RAMON MARQUEZ 362 44970 Guadalajara,20.6248572,-103.3530714
LOMAS DEL CENTINELA,PASEO DEL OLMO,328,45187,zapopan,LOMAS DEL CENTINELA PASEO DEL OLMO 328 45187 zapopan,20.7553743,-103.3793921
JARDINES DE LA CRUZ,AV ISALA RAZA,2460,44950,Guadalajara,JARDINES DE LA CRUZ AV ISALA RAZA 2460 44950 Guadalajara,20.6349829,-103.3912074
HUENTITAN EL BAJO,VOLCAN FUJIYAMA,4413,44250,Guadalajara,HUENTITAN EL BAJO VOLCAN FUJIYAMA 4413 44250 Guadalajara,20.7390409,-103.3189799
U H EL ZALATE,JOSE FERNANDEZ,1123,44760,Guadalajara,U H EL ZALATE JOSE FERNANDEZ 1123 44760 Guadalajara,20.6790639,-103.2732636
VISTA HERMOSA,AV VISTA HERMO,3763,45189,zapopan,VISTA HERMOSA AV VISTA HERMO 3763 45189 zapopan,20.7617597,-103.3348175
EL COLLY URBANO I,MELCHOR OCAMPO,1233,45070,zapopan,EL COLLY URBANO I MELCHOR OCAMPO 1233 45070 zapopan,20.6431926,-103.4295033
TALPITA,SANTO TOMAS,1786,44719,Guadalajara,TALPITA SANTO TOMAS 1786 44719 Guadalajara,20.6835307,-103.3103183
SAN JUAN BOSCO,FELIX BERNARDEL,428,44730,Guadalajara,SAN JUAN BOSCO FELIX BERNARDEL 428 44730 Guadalajara,20.6792166,-103.3146951
PASEOS DEL SOL,TOMAS BALCAZAR,5404,45079,zapopan,PASEOS DEL SOL TOMAS BALCAZAR 5404 45079 zapopan,20.6371278,-103.4270208
DIVISION DEL NORTE,TERUEL,3693,44230,Guadalajara,DIVISION DEL NORTE TERUEL 3693 44230 Guadalajara,20.6751707,-103.3473385
VILLA DE GUADALUPE II,PABLO HIPOLITO,45,45189,zapopan,VILLA DE GUADALUPE II PABLO HIPOLITO 45 45189 zapopan,20.7578506,-103.3409918
LAGOS D OTE ZONA TET,LICURGO,336,44770,Guadalajara,LAGOS D OTE ZONA TET LICURGO 336 44770 Guadalajara,20.6751707,-103.3473385
MESA DE LOS OCOTES,PASEO DE LOS PI,3153,45189,zapopan,MESA DE LOS OCOTES PASEO DE LOS PI 3153 45189 zapopan,20.7632265,-103.3515091
MESA COLORADA PTE,ANAHUAC,52,45189,zapopan,MESA COLORADA PTE ANAHUAC 52 45189 zapopan,20.7758971,-103.3514666
HDA SAN ISIDRO,LA VILLA,455,45147,zapopan,HDA SAN ISIDRO LA VILLA 455 45147 zapopan,20.6719563,-103.416501
CANTARRANAS,MIGUEL BERNAL,3327,44829,Guadalajara,CANTARRANAS MIGUEL BERNAL 3327 44829 Guadalajara,20.6588519,-103.2912823
HELIODORO HERNANDEZ,CELIA PACHECO,3713,44720,Guadalajara,HELIODORO HERNANDEZ CELIA PACHECO 3713 44720 Guadalajara,20.6963895,-103.2787599
BOSQUES D LA CANTERA,PRIV OPALO,17,44306,Guadalajara,BOSQUES D LA CANTERA PRIV OPALO 17 44306 Guadalajara,20.7157293,-103.3146951
DIVISION DEL NORTE,SILVINA REMBOA,3050,44230,Guadalajara,DIVISION DEL NORTE SILVINA REMBOA 3050 44230 Guadalajara,20.7238915,-103.3364848
SANTA FE,EMILIANO ZAPATA,574,45168,zapopan,SANTA FE EMILIANO ZAPATA 574 45168 zapopan,20.7154469,-103.3926668
HUENTITAN EL BAJO,VOLCAN VIRGEN,182,44250,Guadalajara,HUENTITAN EL BAJO VOLCAN VIRGEN 182 44250 Guadalajara,20.7305287,-103.3169957
LA CAMPESINA,JOSE MARIA SARM,1488,44769,Guadalajara,LA CAMPESINA JOSE MARIA SARM 1488 44769 Guadalajara,20.6823112,-103.2686349
ECHEVERRIA,JOSE ARTEAGA,2985,44970,Guadalajara,ECHEVERRIA JOSE ARTEAGA 2985 44970 Guadalajara,20.6256839,-103.3666996
CIRCUNVAL VALLARTA,REFORMA,2749,44680,Guadalajara,CIRCUNVAL VALLARTA REFORMA 2749 44680 Guadalajara,20.6809709,-103.3854452
REAL DE VALDEPE?S,ALAMBIQUE,51,45130,zapopan,REAL DE VALDEPE?S ALAMBIQUE 51 45130 zapopan,20.7561115,-103.4015168
LA PERLA,PEDRO LANDAZURI,733,44360,Guadalajara,LA PERLA PEDRO LANDAZURI 733 44360 Guadalajara,20.6828464,-103.3325044
EL ARENAL,CUAUHTEMOC,132,45350,zapopan,EL ARENAL CUAUHTEMOC 132 45350 zapopan,20.6719563,-103.416501
BOSQUES D LA CANTERA,PRIV OPALO,17,44306,Guadalajara,BOSQUES D LA CANTERA PRIV OPALO 17 44306 Guadalajara,20.7157293,-103.3146951
VILLAS SAN IGNACIO,PABLO QUIROGA,215,45180,zapopan,VILLAS SAN IGNACIO PABLO QUIROGA 215 45180 zapopan,20.724594,-103.3668962
1RO DE MAYO 1A SECCI,CARLOS A CARRIL,527,44970,Guadalajara,1RO DE MAYO 1A SECCI CARLOS A CARRIL 527 44970 Guadalajara,20.6225824,-103.3572848
UNIDAD JARDINES SEAT,JARDINES DE LOS,1233,45180,zapopan,UNIDAD JARDINES SEAT JARDINES DE LOS 1233 45180 zapopan,20.7361467,-103.3527111
SAN ANDRES,GOMEZ FARIAS,2319,44810,Guadalajara,SAN ANDRES GOMEZ FARIAS 2319 44810 Guadalajara,20.6625598,-103.3068097
OBLATOS PONIENTE,HACIENDA LA PUR,2415,44700,Guadalajara,OBLATOS PONIENTE HACIENDA LA PUR 2415 44700 Guadalajara,20.6958496,-103.2980962
SANTA ANA TEPETITLAN,HIDALGO,35,45230,zapopan,SANTA ANA TEPETITLAN HIDALGO 35 45230 zapopan,20.6208879,-103.4560404
RANCHO NUEVO,DOMINGO RAMIRE,1150,44240,Guadalajara,RANCHO NUEVO DOMINGO RAMIRE 1150 44240 Guadalajara,20.7209179,-103.331296
JARDINES DE LA CRUZ,ISLA MADAGASCAR,3111,44950,Guadalajara,JARDINES DE LA CRUZ ISLA MADAGASCAR 3111 44950 Guadalajara,20.6386379,-103.3861274
MARAVILLA,HACIENDA DE GUA,1124,44700,Guadalajara,MARAVILLA HACIENDA DE GUA 1124 44700 Guadalajara,20.7015623,-103.3068101
TABACHINES,PASEO DE LOS AV,3101,45188,zapopan,TABACHINES PASEO DE LOS AV 3101 45188 zapopan,20.7408232,-103.3687889
U H ATLAS,RIO VOLGA,1386,44870,Guadalajara,U H ATLAS RIO VOLGA 1386 44870 Guadalajara,20.6468582,-103.3269652
ARENALES TAPATIOS,AV GUADALUPE,132,45066,zapopan,ARENALES TAPATIOS AV GUADALUPE 132 45066 zapopan,20.6667157,-103.3938876
EJIDAL LOMA BONITA,PEDRO MORENO,3205,45085,zapopan,EJIDAL LOMA BONITA PEDRO MORENO 3205 45085 zapopan,20.6306388,-103.4035
VILLA FONTANA DIAMANTE,ARENISCA,1896,45200,zapopan,VILLA FONTANA DIAMANTE ARENISCA 1896 45200 zapopan,20.7769516,-103.4712628
TETLAN,GIGANTES,108,44820,Guadalajara,TETLAN GIGANTES 108 44820 Guadalajara,20.6620349,-103.2728412
LOMAS DE MIRAMAR,URANIO,31,45060,zapopan,LOMAS DE MIRAMAR URANIO 31 45060 zapopan,20.6391341,-103.4439519
PROGRESO,FRANCISCO SARAB,235,44730,Guadalajara,PROGRESO FRANCISCO SARAB 235 44730 Guadalajara,20.6751707,-103.3473385
LA FLORIDA,FLORAL,15,45234,zapopan,LA FLORIDA FLORAL 15 45234 zapopan,20.597604,-103.4244467
RESIDENCIAL GUADALUP,MISION SAN PATR,350,45030,zapopan,RESIDENCIAL GUADALUP MISION SAN PATR 350 45030 zapopan,20.6552033,-103.4345602
AYUNTAMIENTO,BERNARDO DE BAL,1170,44620,Guadalajara,AYUNTAMIENTO BERNARDO DE BAL 1170 44620 Guadalajara,20.698509,-103.3666709
PASEOS DEL BRISE#O,PASEOS DE LOS I,1,45236,zapopan,PASEOS DEL BRISE#O PASEOS DE LOS I 1 45236 zapopan,20.7408232,-103.3687889
MORELOS,CISNE,1332,44910,Guadalajara,MORELOS CISNE 1332 44910 Guadalajara,20.6517869,-103.3572848
ARANDAS,HACIENDA LA ERR,1877,44720,Guadalajara,ARANDAS HACIENDA LA ERR 1877 44720 Guadalajara,20.6886638,-103.2887465
PARQUE INDUST EL ALA,FUNDICION,2131,44490,Guadalajara,PARQUE INDUST EL ALA FUNDICION 2131 44490 Guadalajara,20.6255231,-103.3340945
TETLAN,JOSE RAMOS,4342,44820,Guadalajara,TETLAN JOSE RAMOS 4342 44820 Guadalajara,20.6607945,-103.2718488
FRACC MIRADOR D SN I,AV INDUSTRIA TE,2030,45133,zapopan,FRACC MIRADOR D SN I AV INDUSTRIA TE 2030 45133 zapopan,20.758156,-103.3867654
VILLA VICENTE GUERRE,ISLA USTICA,3318,44860,Guadalajara,VILLA VICENTE GUERRE ISLA USTICA 3318 44860 Guadalajara,20.6751707,-103.3473385
ARTESANOS,GENERAL EULOGIO,712,44200,Guadalajara,ARTESANOS GENERAL EULOGIO 712 44200 Guadalajara,20.6868335,-103.3572848
LA ESPERANZA,IGUALDAD,186,44300,Guadalajara,LA ESPERANZA IGUALDAD 186 44300 Guadalajara,20.7124734,-103.309643
LOMAS DL VALLE VI UN,CANCER,3992,45129,zapopan,LOMAS DL VALLE VI UN CANCER 3992 45129 zapopan,20.6888135,-103.406389
NUEVO MEXICO,COPALITA,2711,45138,zapopan,NUEVO MEXICO COPALITA 2711 45138 zapopan,20.7552947,-103.4358244
RINCONADA DEL BOSQUE,AV ECONOMOS,6951,44510,Guadalajara,RINCONADA DEL BOSQUE AV ECONOMOS 6951 44510 Guadalajara,20.6635442,-103.448633
LOMAS DEL PRADERO,AV PRESIDENTE,2235,44840,Guadalajara,LOMAS DEL PRADERO AV PRESIDENTE 2235 44840 Guadalajara,20.6471994,-103.3132516
ELECTRICISTAS,RAMOS ARIZPE,451,44810,Guadalajara,ELECTRICISTAS RAMOS ARIZPE 451 44810 Guadalajara,20.6549543,-103.2980962
OBLATOS PONIENTE,HACIENDA LA GAV,3208,44700,Guadalajara,OBLATOS PONIENTE HACIENDA LA GAV 3208 44700 Guadalajara,20.7023208,-103.2829192
JARDINES DE LA CRUZ,REYES CATOLICOS,2151,44950,Guadalajara,JARDINES DE LA CRUZ REYES CATOLICOS 2151 44950 Guadalajara,20.6486223,-103.3785285
VALLE REAL,AV RAMON CORONA,2748,45019,zapopan,VALLE REAL AV RAMON CORONA 2748 45019 zapopan,20.7328089,-103.4599375
ALTAMIRA,AV AMERICA,580,45160,zapopan,ALTAMIRA AV AMERICA 580 45160 zapopan,20.7122558,-103.3821956
LOS ALMENDROS,ANTONIO GARCIA,3912,44240,Guadalajara,LOS ALMENDROS ANTONIO GARCIA 3912 44240 Guadalajara,20.7147126,-103.3291866
LA MOJONERA,DE BARAJAS,425,45134,zapopan,LA MOJONERA DE BARAJAS 425 45134 zapopan,20.6719563,-103.416501
HERMOSA PROVIN ZO TE,TELEFONISTAS,3331,44770,Guadalajara,HERMOSA PROVIN ZO TE TELEFONISTAS 3331 44770 Guadalajara,20.6684351,-103.2856733
BOSQUES D L VICTORIA,FAUNA,2765,44540,Guadalajara,BOSQUES D L VICTORIA FAUNA 2765 44540 Guadalajara,20.6463741,-103.3890559
BENITO JUAREZ,JUAN MANUEL RUV,1992,45199,Guadalajara,BENITO JUAREZ JUAN MANUEL RUV 1992 45199 Guadalajara,20.7349255,-103.3399585
LA AURORA,SALVADOR LOPEZ,1750,44790,Guadalajara,LA AURORA SALVADOR LOPEZ 1750 44790 Guadalajara,20.665741,-103.29088
BEATRIZ HERNANDEZ,GAZA,1333,44760,Guadalajara,BEATRIZ HERNANDEZ GAZA 1333 44760 Guadalajara,20.6810198,-103.2866783
ARENALES TAPATIOS,DIAMANTE,114,45066,zapopan,ARENALES TAPATIOS DIAMANTE 114 45066 zapopan,20.6340268,-103.4564321
LADRON DE GUEVARA,AVENIDA AMERICA,620,44600,Guadalajara,LADRON DE GUEVARA AVENIDA AMERICA 620 44600 Guadalajara,20.6823254,-103.3775019
FRACC LOS PINOS,AV COMPOSITORE,3850,45120,zapopan,FRACC LOS PINOS AV COMPOSITORE 3850 45120 zapopan,20.6047829,-103.4350399
AGRICOLA,OBELISCO,138,45236,zapopan,AGRICOLA OBELISCO 138 45236 zapopan,20.6193793,-103.4352826
U H FOVISSSTE ESTADI,LISBOA,28,44307,Guadalajara,U H FOVISSSTE ESTADI LISBOA 28 44307 Guadalajara,20.7105563,-103.3247998
CONDOMINIO MALAGA,AV CENTRAL,1351,45117,zapopan,CONDOMINIO MALAGA AV CENTRAL 1351 45117 zapopan,20.6927846,-103.432489
EL BRISE?,PASEO DE LA MAT,200,45236,zapopan,EL BRISE? PASEO DE LA MAT 200 45236 zapopan,20.6193793,-103.4352826
EL HUMEDO,RIO ACAPONETA,2,45200,zapopan,EL HUMEDO RIO ACAPONETA 2 45200 zapopan,20.7949631,-103.4922431
LA FLORESTA DEL COLLI,BOULEVARD PUERT,26,45116,zapopan,LA FLORESTA DEL COLLI BOULEVARD PUERT 26 45116 zapopan,20.6467406,-103.4677957
RINCONADA DE HUENTITAN,JOSE MARIA CANA,5128,44250,Guadalajara,RINCONADA DE HUENTITAN JOSE MARIA CANA 5128 44250 Guadalajara,20.7290954,-103.3211909
2024-03-18 00:00:00,FAJA DE ORO,1783,44960,Guadalajara,45369 FAJA DE ORO 1783 44960 Guadalajara,20.6350171,-103.3781856
PRADOS TEPEYAC,PRADO DE LAS GA,4468,45050,zapopan,PRADOS TEPEYAC PRADO DE LAS GA 4468 45050 zapopan,20.6569105,-103.4128895
OBLATOS PONIENTE,HACIENDA DE TAL,2191,44700,Guadalajara,OBLATOS PONIENTE HACIENDA DE TAL 2191 44700 Guadalajara,20.6958496,-103.2980962
DIVISION DL NTE ZAP,FRANCISCO VILLA,27,45180,zapopan,DIVISION DL NTE ZAP FRANCISCO VILLA 27 45180 zapopan,20.7361467,-103.3527111
GARIBAY,DAMASCO,785,44750,Guadalajara,GARIBAY DAMASCO 785 44750 Guadalajara,20.6736568,-103.295105
LA VENTA DEL ASTILLE,JILGEROS,33,45221,zapopan,LA VENTA DEL ASTILLE JILGEROS 33 45221 zapopan,20.72564,-103.5462189
CONJ LOMAS ALTAS,PASEO DEL ARCO,4098,45128,zapopan,CONJ LOMAS ALTAS PASEO DEL ARCO 4098 45128 zapopan,20.6848788,-103.4100003
JARDINES DE STA ISAB,STA MARTHA,3165,44300,Guadalajara,JARDINES DE STA ISAB STA MARTHA 3165 44300 Guadalajara,20.7147766,-103.3136012
MESA COLORADA PTE,DELLI,1825,45189,zapopan,MESA COLORADA PTE DELLI 1825 45189 zapopan,20.7705003,-103.3479558
INF LA TUZANIA,AND OYAMELES,1124,45138,zapopan,INF LA TUZANIA AND OYAMELES 1124 45138 zapopan,20.7373175,-103.4153366
"FRACC, LOS MOLINOS",CTO OBSIDIANA,39,45200,zapopan,"FRACC, LOS MOLINOS CTO OBSIDIANA 39 45200 zapopan",20.8476145,-103.4219418
LADRON DE GUEVARA,FRAY LUIS DE PA,443,44600,Guadalajara,LADRON DE GUEVARA FRAY LUIS DE PA 443 44600 Guadalajara,20.6769383,-103.3717253
RESIDENCIAL TESISTAN,PARQUE MEXICANO,150,45200,zapopan,RESIDENCIAL TESISTAN PARQUE MEXICANO 150 45200 zapopan,20.7990055,-103.4673951
MEZQUITAN COUNTRY,DIAGONAL NAJERA,1876,44260,Guadalajara,MEZQUITAN COUNTRY DIAGONAL NAJERA 1876 44260 Guadalajara,20.6923623,-103.3656108
RANCHO NUEVO,CELERINO NAVARR,4135,44240,zapopan,RANCHO NUEVO CELERINO NAVARR 4135 44240 zapopan,20.7173252,-103.3226322
COLINAS DE ATEMAJAC,AV AURELIO ORTE,1176,45170,zapopan,COLINAS DE ATEMAJAC AV AURELIO ORTE 1176 45170 zapopan,20.7208854,-103.3674014
2024-12-12 00:00:00,TRUENO,260,45068,zapopan,45638 TRUENO 260 45068 zapopan,20.6488854,-103.4591247
CAMPO REAL,AV CAMPO REAL P,353,45134,zapopan,CAMPO REAL AV CAMPO REAL P 353 45134 zapopan,20.7870322,-103.4423803
UNIDAD MEXICO,CDA QUERETARO,278,45120,zapopan,UNIDAD MEXICO CDA QUERETARO 278 45120 zapopan,20.6719563,-103.416501
BENITO JUAREZ,ADOLFO LOPEZ MA,4754,45199,zapopan,BENITO JUAREZ ADOLFO LOPEZ MA 4754 45199 zapopan,20.7313122,-103.3385042
VILLA FONTANA DIAMANTE,FUENTE BRILLANT,1730,45200,zapopan,VILLA FONTANA DIAMANTE FUENTE BRILLANT 1730 45200 zapopan,20.7792648,-103.4708867
MIRAMAR,BAHIA MAGDALENA,5,45060,zapopan,MIRAMAR BAHIA MAGDALENA 5 45060 zapopan,20.6407578,-103.4490409
TABACHINES,PASEO DE LOS CH,3040,45188,zapopan,TABACHINES PASEO DE LOS CH 3040 45188 zapopan,20.7408232,-103.3687889
JARDINES DEL NILO,MANUEL RIVERA C,2818,44860,Guadalajara,JARDINES DEL NILO MANUEL RIVERA C 2818 44860 Guadalajara,20.6492259,-103.287272
HDA SAN ISIDRO,EJIDO,570,45147,zapopan,HDA SAN ISIDRO EJIDO 570 45147 zapopan,20.7311616,-103.398173
ZALATE II,OTILIO GONZALEZ,1116,44760,Guadalajara,ZALATE II OTILIO GONZALEZ 1116 44760 Guadalajara,20.6793445,-103.2748488
FRACC CUSPIDE,SENDA DEL OCOTE,22,45200,zapopan,FRACC CUSPIDE SENDA DEL OCOTE 22 45200 zapopan,20.816668,-103.4838407
EL MANANTIAL S REFOR,AVDE LA PATRIA,202,44470,Guadalajara,EL MANANTIAL S REFOR AVDE LA PATRIA 202 44470 Guadalajara,20.6209342,-103.3499186
AGRICOLA,DALIA,138,45236,zapopan,AGRICOLA DALIA 138 45236 zapopan,20.6166871,-103.4323929
VILLAS DE GADALUPE,AV PATRIA,4177,44720,Guadalajara,VILLAS DE GADALUPE AV PATRIA 4177 44720 Guadalajara,20.6895609,-103.2851073
EL MIRADOR,EMILIANO ZAPATA,780,44370,Guadalajara,EL MIRADOR EMILIANO ZAPATA 780 44370 Guadalajara,20.6820247,-103.3161386
VILLA FONTANA DIAMANTE,AV LAS TORRES,1896,45200,zapopan,VILLA FONTANA DIAMANTE AV LAS TORRES 1896 45200 zapopan,20.7744077,-103.4756926
EL CARMEN,FRANCISCO MARCO,2616,44980,Guadalajara,EL CARMEN FRANCISCO MARCO 2616 44980 Guadalajara,20.6178521,-103.3803903
VICTOR HUGO,PRIVADA COLON,150,45190,zapopan,VICTOR HUGO PRIVADA COLON 150 45190 zapopan,20.7212215,-103.3545682
REVOLUCION SEGUNDA SECCION,REVOLUCION,51,45200,zapopan,REVOLUCION SEGUNDA SECCION REVOLUCION 51 45200 zapopan,20.8271097,-103.4344083
AGRICOLA,DALIA,138,45236,zapopan,AGRICOLA DALIA 138 45236 zapopan,20.6166871,-103.4323929
BEATRIZ HERNANDEZ,MARGARITA GUTIE,3497,44760,Guadalajara,BEATRIZ HERNANDEZ MARGARITA GUTIE 3497 44760 Guadalajara,20.6814629,-103.2848051
COPALITA,AV AMARANTO,175,45200,zapopan,COPALITA AV AMARANTO 175 45200 zapopan,20.8101768,-103.4544621
JARDINES DE LA CRUZ,ISLA ASENCION,3108,44950,Guadalajara,JARDINES DE LA CRUZ ISLA ASENCION 3108 44950 Guadalajara,20.6375951,-103.3810856
U. H. BENITO JUAREZ II,CREDITO,4049,44770,Guadalajara,U. H. BENITO JUAREZ II CREDITO 4049 44770 Guadalajara,20.6727086,-103.2764487
PRADOS GUADALUPE,G ROSSINI,428,45030,zapopan,PRADOS GUADALUPE G ROSSINI 428 45030 zapopan,20.6734682,-103.4204738
JARDINES DE LOS POET,JOSE FERNANDEZ,3365,44820,Guadalajara,JARDINES DE LOS POET JOSE FERNANDEZ 3365 44820 Guadalajara,20.6488613,-103.2930375
SANTA MARIA,SAN MATEO,1407,44350,Guadalajara,SANTA MARIA SAN MATEO 1407 44350 Guadalajara,20.687991,-103.315718
LADRON DE GUEVARA,AVENIDA MEXICO,2582,44600,Guadalajara,LADRON DE GUEVARA AVENIDA MEXICO 2582 44600 Guadalajara,20.6800329,-103.3822859
GENERAL REAL,MARCONI,17,44400,Guadalajara,GENERAL REAL MARCONI 17 44400 Guadalajara,20.6682224,-103.3241833
INF LA TUZANIA,CAPULINES,40,45138,zapopan,INF LA TUZANIA CAPULINES 40 45138 zapopan,20.7318681,-103.4131707
ALTAMIRA,AV AMERICA,580,45160,zapopan,ALTAMIRA AV AMERICA 580 45160 zapopan,20.7122558,-103.3821956
BARRANQUITAS,PINO SUAREZ,879,44270,Guadalajara,BARRANQUITAS PINO SUAREZ 879 44270 Guadalajara,20.6751707,-103.3473385
FRACC JARDINES DE BELEN,TORONJA,41,45200,zapopan,FRACC JARDINES DE BELEN TORONJA 41 45200 zapopan,20.8127107,-103.482546
RESID LAS ARBOLEDAS,AURORA BOREAL N,4170,45070,zapopan,RESID LAS ARBOLEDAS AURORA BOREAL N 4170 45070 zapopan,20.6282613,-103.4283633
INDEPENDENCIA,ROGELIO BACON,2280,44290,Guadalajara,INDEPENDENCIA ROGELIO BACON 2280 44290 Guadalajara,20.7113239,-103.3320885
FRACC CUSPIDE,SAN MATEO 1155,27,45200,zapopan,FRACC CUSPIDE SAN MATEO 1155 27 45200 zapopan,20.7943709,-103.4676263
EL ARENAL,PROLONGACION SA,43,45350,zapopan,EL ARENAL PROLONGACION SA 43 45350 zapopan,20.775698,-103.6951543
DEL FRESNO,CIPRES,1738,44900,Guadalajara,DEL FRESNO CIPRES 1738 44900 Guadalajara,20.6570961,-103.3668867
RINCONADA DE HUENTITAN,JUAN CARRASCO,5234,44250,Guadalajara,RINCONADA DE HUENTITAN JUAN CARRASCO 5234 44250 Guadalajara,20.733417,-103.321824
U H LAZARO CARDENAS,OTHON BLANCO CA,4087,44490,Guadalajara,U H LAZARO CARDENAS OTHON BLANCO CA 4087 44490 Guadalajara,20.6751707,-103.3473385
HELIODORO HERNANDEZ,MIGUEL SANCHEZ,3789,44720,Guadalajara,HELIODORO HERNANDEZ MIGUEL SANCHEZ 3789 44720 Guadalajara,20.6948636,-103.2781313
SANTA TERESITA,ALFREDO CHAVERO,16,44600,Guadalajara,SANTA TERESITA ALFREDO CHAVERO 16 44600 Guadalajara,20.6837463,-103.3687217
CIUDAD DEL SOL,QUETZALCOATL,232,45050,zapopan,CIUDAD DEL SOL QUETZALCOATL 232 45050 zapopan,20.6494332,-103.4073144
INDIGENA D MEZQUITAN,2024-03-18 00:00:00,409,45190,zapopan,INDIGENA D MEZQUITAN 45369 409 45190 zapopan,20.7385264,-103.3312962
LA LOMA,LUIS PAEZ BROTC,1574,44410,Guadalajara,LA LOMA LUIS PAEZ BROTC 1574 44410 Guadalajara,20.6608715,-103.3222651
LOMAS DE MIRAMAR,PUERTO TAMPICO,80,45060,zapopan,LOMAS DE MIRAMAR PUERTO TAMPICO 80 45060 zapopan,20.6401759,-103.4491199
TRANSITO,AV CIRCUNVALANC,479,44298,Guadalajara,TRANSITO AV CIRCUNVALANC 479 44298 Guadalajara,20.7007339,-103.338378
OBLATOS,AV JUAN PABLO L,3165,44700,Guadalajara,OBLATOS AV JUAN PABLO L 3165 44700 Guadalajara,20.6747187,-103.3255216
COUNTRY CLUB,AV JORGE ALVARE,1535,44610,Guadalajara,COUNTRY CLUB AV JORGE ALVARE 1535 44610 Guadalajara,20.7021029,-103.367393
REAL QUINTAS DEL VALLE,CIRCUITO REAL S,0,45138,zapopan,REAL QUINTAS DEL VALLE CIRCUITO REAL S 0 45138 zapopan,20.7531957,-103.4360243
JARDINES DEL VERGEL,JARDIN DE NARDO,1527,45180,zapopan,JARDINES DEL VERGEL JARDIN DE NARDO 1527 45180 zapopan,20.7536599,-103.3710032
VILLAS SAN IGNACIO,PRIV LUIS G MON,337,45180,zapopan,VILLAS SAN IGNACIO PRIV LUIS G MON 337 45180 zapopan,20.7346756,-103.3710032
VIRREYES RESIDENCIAL,AV NACIONES UNI,6904,45110,zapopan,VIRREYES RESIDENCIAL AV NACIONES UNI 6904 45110 zapopan,20.6956146,-103.4430714
INDEPENDENCIA PTE,ROGELIO BACON,1676,44290,Guadalajara,INDEPENDENCIA PTE ROGELIO BACON 1676 44290 Guadalajara,20.7036935,-103.3333151
AMERICANA,COLONIAS,221,44160,Guadalajara,AMERICANA COLONIAS 221 44160 Guadalajara,20.6717775,-103.3630608
2024-03-18 00:00:00,NATIVIDAD MACIA,1326,44960,Guadalajara,45369 NATIVIDAD MACIA 1326 44960 Guadalajara,20.6333595,-103.369541
VILLA FONTANA DIAMANTE,FUENTE GRAFITO,8884,45200,zapopan,VILLA FONTANA DIAMANTE FUENTE GRAFITO 8884 45200 zapopan,20.7797176,-103.4751321
LOMAS DL PARAISO 1,RAFAEL CARDENAS,290,44250,Guadalajara,LOMAS DL PARAISO 1 RAFAEL CARDENAS 290 44250 Guadalajara,20.7248011,-103.3191934
MIRAVALLE II,HERMENEGILDO BU,4308,44990,Guadalajara,MIRAVALLE II HERMENEGILDO BU 4308 44990 Guadalajara,20.6171935,-103.3515091
RINCONADA DL AUDITOR,ALBERTO CINTA,39,45180,zapopan,RINCONADA DL AUDITOR ALBERTO CINTA 39 45180 zapopan,20.7367659,-103.3425616
HUENTITAN EL BAJO,VOLCAN MAIPO,340,44250,Guadalajara,HUENTITAN EL BAJO VOLCAN MAIPO 340 44250 Guadalajara,20.7418207,-103.3153473
JARDINES D NVO MEXIC,SEXTA PTE,535,45138,zapopan,JARDINES D NVO MEXIC SEXTA PTE 535 45138 zapopan,20.7672196,-103.4379033
VALLARTA SAN JORGE,TUCIDIDES,156,44690,Guadalajara,VALLARTA SAN JORGE TUCIDIDES 156 44690 Guadalajara,20.6755195,-103.3988528
EL COLLY URBANO I,VOLCAN VESUBIO,2321,45070,zapopan,EL COLLY URBANO I VOLCAN VESUBIO 2321 45070 zapopan,20.6413488,-103.4276284
LA HACIENDITA,SAN MARTIN,2341,45230,zapopan,LA HACIENDITA SAN MARTIN 2341 45230 zapopan,20.6147624,-103.4475643
MIGUEL HIDALGO,15 DE SEPTIEMBR,3017,45186,zapopan,MIGUEL HIDALGO 15 DE SEPTIEMBR 3017 45186 zapopan,20.7459284,-103.3486213
PANORAMICA HUENTITAN,CALZADA,4500,44259,Guadalajara,PANORAMICA HUENTITAN CALZADA 4500 44259 Guadalajara,20.7365162,-103.3103647
LOMAS DE MIRAMAR,PUERTO CHAMELA,314,45060,zapopan,LOMAS DE MIRAMAR PUERTO CHAMELA 314 45060 zapopan,20.6379988,-103.4611916
SANTA ELENA,ASTURIAS,1581,44230,Guadalajara,SANTA ELENA ASTURIAS 1581 44230 Guadalajara,20.714497,-103.3376018
IXTLAHUACAN DEL RIO,HDA SAN MIGUEL,10,45260,zapopan,IXTLAHUACAN DEL RIO HDA SAN MIGUEL 10 45260 zapopan,20.8692661,-103.2355813
BALCONES DE OBLATOS,ROSA RODRIGUEZ,3876,44720,Guadalajara,BALCONES DE OBLATOS ROSA RODRIGUEZ 3876 44720 Guadalajara,20.6869758,-103.2901584
DIVISION DEL NORTE,BENEDICTO LOPEZ,399,44230,Guadalajara,DIVISION DEL NORTE BENEDICTO LOPEZ 399 44230 Guadalajara,20.7233681,-103.3372547
LA FLORESTA DEL COLLI,BOULEVARD PUERT,5430,45116,zapopan,LA FLORESTA DEL COLLI BOULEVARD PUERT 5430 45116 zapopan,20.6467406,-103.4677957
